Post Source,Post URL,Username,Comment,clean_text,lang_primary_language,lang_is_code_mixed,lang_javanese_score,lang_indonesian_score,lang_confidence
Dishub,https://www.instagram.com/p/DS6_hwUE6-B/?utm_source=ig_web_copy_link&igsh=MzRlODBiNWFlZA==,üòÇ,,unknown,False,0.0,0.0,0.0
Dishub,https://www.instagram.com/p/DS6_hwUE6-B/?utm_source=ig_web_copy_link&igsh=MzRlODBiNWFlZA==,bangga sekali kita memiliki pemimpin kota seperti beliau beliau wkwk,bangga memiliki pemimpin kota beliau beliau wkwk,mixed,False,0.0,0.0,0.0
Dishub,https://www.instagram.com/p/DS6_hwUE6-B/?utm_source=ig_web_copy_link&igsh=MzRlODBiNWFlZA==,ancen ga beresüòÇ,ancen ga beres,javanese,True,0.3333333333333333,0.0,0.3333333333333333
Dishub,https://www.instagram.com/p/DS6_hwUE6-B/?utm_source=ig_web_copy_link&igsh=MzRlODBiNWFlZA==,Epok epok,epok epok,mixed,False,0.0,0.0,0.0
Dishub,https://www.instagram.com/p/DS6_hwUE6-B/?utm_source=ig_web_copy_link&igsh=MzRlODBiNWFlZA==,kandani sing bener ancen milih kotak kosong wingi #EriEpokEpok,kandani bener ancen milih kotak kosong wingi,javanese,True,0.2857142857142857,0.0,0.2857142857142857
Dishub,https://www.instagram.com/p/DS6_hwUE6-B/?utm_source=ig_web_copy_link&igsh=MzRlODBiNWFlZA==,ikan bosok dari kepala. dan Eriii bosok,ikan bosok kepala eriii bosok,mixed,False,0.0,0.0,0.0
Dishub,https://www.instagram.com/p/DS6_hwUE6-B/?utm_source=ig_web_copy_link&igsh=MzRlODBiNWFlZA==,3L resmi undur diri diganti wira wiri sing lewat kutisari. Tmbah ruwweetttüòÇ,l resmi undur diganti wira wiri kutisari tmbah ruwweettt,mixed,False,0.0,0.0,0.0
Dishub,https://www.instagram.com/p/DS6_hwUE6-B/?utm_source=ig_web_copy_link&igsh=MzRlODBiNWFlZA==,kebacut @dishubsurabaya @cakj1 @ericahyadi_,kebacut,javanese,True,1.0,0.0,1.0
Dishub,https://www.instagram.com/p/DS6_hwUE6-B/?utm_source=ig_web_copy_link&igsh=MzRlODBiNWFlZA==,mosok kalah karo semarang owalah pemkot oh pemkotüòÇüòÇüòÇ,mosok kalah semarang owalah pemkot oh pemkot,javanese,True,0.14285714285714285,0.0,0.14285714285714285
Dishub,https://www.instagram.com/p/DS6_hwUE6-B/?utm_source=ig_web_copy_link&igsh=MzRlODBiNWFlZA==,"Wedi dadi ricuh sby pas taun baru, wes paling enak gk onok opo¬≤ trus ditinggal turu ae karo walikotane üòÇ",wedi dadi ricuh sby pas taun wes enak gk onok opo trus ditinggal turu ae walikotane,javanese,True,0.1875,0.0,0.1875
Dishub,https://www.instagram.com/p/DS6_hwUE6-B/?utm_source=ig_web_copy_link&igsh=MzRlODBiNWFlZA==,@ericahyadi_ pak gimana niu,gimana niu,mixed,False,0.0,0.0,0.0
Dishub,https://www.instagram.com/p/DS6_hwUE6-B/?utm_source=ig_web_copy_link&igsh=MzRlODBiNWFlZA==,"luar biasa kebijakan Walikota ini, seolah-olah tahun baru hanya boleh dirayakan mereka yg punya kendaraan pribadi üëè",kebijakan walikota seolaholah dirayakan yg kendaraan pribadi,mixed,False,0.0,0.0,0.0
Dishub,https://www.instagram.com/p/DS6_hwUE6-B/?utm_source=ig_web_copy_link&igsh=MzRlODBiNWFlZA==,"Welcome to kota epok¬≤, walkote epok¬≤ soale üòÇ",welcome to kota epok walkote epok soale,mixed,False,0.0,0.0,0.0
Dishub,https://www.instagram.com/p/DS6_hwUE6-B/?utm_source=ig_web_copy_link&igsh=MzRlODBiNWFlZA==,kebacuuut,kebacuuut,mixed,False,0.0,0.0,0.0
Dishub,https://www.instagram.com/p/DS6_hwUE6-B/?utm_source=ig_web_copy_link&igsh=MzRlODBiNWFlZA==,"Waline epok-epok, wakile ngonten tok.",waline epokepok wakile ngonten tok,mixed,False,0.0,0.0,0.0
Dishub,https://www.instagram.com/p/DS6_hwUE6-B/?utm_source=ig_web_copy_link&igsh=MzRlODBiNWFlZA==,downgrade mulu @dishubsurabaya @suroboyobus,downgrade mulu,mixed,False,0.0,0.0,0.0
Dishub,https://www.instagram.com/p/DS6_hwUE6-B/?utm_source=ig_web_copy_link&igsh=MzRlODBiNWFlZA==,angkutan umum koq pakai libur üòÇ,angkutan koq pakai libur,javanese,True,0.25,0.0,0.25
Dishub,https://www.instagram.com/p/DS6_hwUE6-B/?utm_source=ig_web_copy_link&igsh=MzRlODBiNWFlZA==,deenovifatma,Harusnya klo ada keramaian taun baruan justru diperpanjang jam operasionalnya ya... Biar gak malah macet2an pake kendaraan pribadi üò¢,klo keramaian taun baruan diperpanjang jam operasionalnya ya biar gak macetan pake kendaraan pribadi,javanese,False,0.07142857142857142,0.0,0.07142857142857142
Dishub,https://www.instagram.com/p/DS6_hwUE6-B/?utm_source=ig_web_copy_link&igsh=MzRlODBiNWFlZA==,ndpamungks,"gara"" disekat sekat iku loh min, gak jelas ancen.",gara disekat sekat loh min gak ancen,javanese,True,0.42857142857142855,0.0,0.42857142857142855
Dishub,https://www.instagram.com/p/DS6_hwUE6-B/?utm_source=ig_web_copy_link&igsh=MzRlODBiNWFlZA==,"Wes gk onok covid ae sek atek penyekatan, sopo seng arep disekat iku. Deloken meduro iku loh losss mlebu suroboyo...",wes gk onok covid ae sek atek penyekatan sopo seng arep disekat deloken meduro loh losss mlebu suroboyo,javanese,True,0.1111111111111111,0.0,0.1111111111111111
Dishub,https://www.instagram.com/p/DS6_hwUE6-B/?utm_source=ig_web_copy_link&igsh=MzRlODBiNWFlZA==,Entah ya... Koq bisa. kalah telak sama Trans semarang?,ya koq kalah telak trans semarang,javanese,True,0.16666666666666666,0.0,0.16666666666666666
Dishub,https://www.instagram.com/p/DS6_hwUE6-B/?utm_source=ig_web_copy_link&igsh=MzRlODBiNWFlZA==,"""kota terbesar kedua""",kota terbesar,mixed,False,0.0,0.0,0.0
Dishub,https://www.instagram.com/p/DS6_hwUE6-B/?utm_source=ig_web_copy_link&igsh=MzRlODBiNWFlZA==,"Di Bali (Trans Metro Dewata) juga sama, jam operasionalnya cm sampai jam 16:00 WITA (15:00 WIB)",bali trans metro dewata jam operasionalnya cm jam wita wib,mixed,False,0.0,0.0,0.0
Dishub,https://www.instagram.com/p/DS6_hwUE6-B/?utm_source=ig_web_copy_link&igsh=MzRlODBiNWFlZA==,"Jakarta dengan transum nya emang paling terbaik sih. Di jakarta ditambah loh jam berakhir nya, di kota lain malah ttp normal ataupun jam akhirnya kena nerf (kena mundur). TIDAK ADIL SEKALI",jakarta transum nya emang terbaik sih jakarta ditambah loh jam nya kota ttp normal jam kena nerf kena mundur adil,javanese,False,0.05,0.0,0.05
Dishub,https://www.instagram.com/p/DS6_hwUE6-B/?utm_source=ig_web_copy_link&igsh=MzRlODBiNWFlZA==,Emang kota ter L kok @surabaya tuh üòÇüòÇüòÇ,emang kota ter l tuh,mixed,False,0.0,0.0,0.0
Dishub,https://www.instagram.com/p/DS6_hwUE6-B/?utm_source=ig_web_copy_link&igsh=MzRlODBiNWFlZA==,Pemkot ora niat,pemkot ora niat,javanese,True,0.3333333333333333,0.0,0.3333333333333333
Dishub,https://www.instagram.com/p/DS6_hwUE6-B/?utm_source=ig_web_copy_link&igsh=MzRlODBiNWFlZA==,"Di singapura, jam operasional mrt malah diperpanjang dan ditata keluar masuknya jadi sangat tertib sekali",singapura jam operasional mrt diperpanjang ditata masuknya tertib,mixed,False,0.0,0.0,0.0
Dishub,https://www.instagram.com/p/DS6_hwUE6-B/?utm_source=ig_web_copy_link&igsh=MzRlODBiNWFlZA==,"Solo ya juga diskon jam operasional lho dan penghilangan rute K6 dan F11, F8 diskon tujuan akhir.",solo ya diskon jam operasional lho penghilangan rute k f f diskon tujuan,mixed,False,0.0,0.0,0.0
Dishub,https://www.instagram.com/p/DS6_hwUE6-B/?utm_source=ig_web_copy_link&igsh=MzRlODBiNWFlZA==,"Makanya saya pas Tahun Baru tidak mau keluar naik Suroboyo bus,karena dulu pernah sebelum pandemi jam tiga atau empat sore,busnya sudah tidak ada padahal saya masih belum pulang",pas suroboyo buskarena pandemi jam sorebusnya pulang,mixed,False,0.0,0.0,0.0
Dishub,https://www.instagram.com/p/DS6_hwUE6-B/?utm_source=ig_web_copy_link&igsh=MzRlODBiNWFlZA==,"Ko, kalah kro kota ku Semarang jam e ditambah lho min",ko kalah kro kota ku semarang jam e ditambah lho min,mixed,False,0.0,0.0,0.0
Dishub,https://www.instagram.com/p/DS6_hwUE6-B/?utm_source=ig_web_copy_link&igsh=MzRlODBiNWFlZA==,Dan terjadi lagi....,,unknown,False,0.0,0.0,0.0
Dishub,https://www.instagram.com/p/DS6_hwUE6-B/?utm_source=ig_web_copy_link&igsh=MzRlODBiNWFlZA==,"eri cahyadi bosok, mudun ae pak",eri cahyadi bosok mudun ae,mixed,False,0.0,0.0,0.0
Dishub,https://www.instagram.com/p/DS6_hwUE6-B/?utm_source=ig_web_copy_link&igsh=MzRlODBiNWFlZA==,lagian jaman ngene atek sekat2an akhire berimbas ke transprt umum dan salahe g info jauh2 hri jg kasian klo ada yg g tau ttg hal ini tuas nunggu bus lak an,jaman ngene atek sekatan akhire berimbas transprt salahe g info hri jg kasian klo yg g tau ttg tuas nunggu bus lak an,mixed,False,0.0,0.0,0.0
Dishub,https://www.instagram.com/p/DS6_hwUE6-B/?utm_source=ig_web_copy_link&igsh=MzRlODBiNWFlZA==,"aku ngobrol sm temenku org Jakarta, transum mereka operasional s.d jam 2 malam bahkan malam kmrn MRT digratisin katanya, malu beud akuuu üòÆüòÆüòÆ",ngobrol sm temenku org jakarta transum operasional sd jam malam malam kmrn mrt digratisin malu beud akuuu,mixed,False,0.0,0.0,0.0
Dishub,https://www.instagram.com/p/DS6_hwUE6-B/?utm_source=ig_web_copy_link&igsh=MzRlODBiNWFlZA==,"Dahlah yaa. Ngurus parkir sama ormas aja mbulet gimana mau ngurus ginian, ga ada development sama sekali.",dahlah yaa ngurus parkir ormas aja mbulet gimana ngurus ginian ga development,mixed,False,0.0,0.0,0.0
Dishub,https://www.instagram.com/p/DS6_hwUE6-B/?utm_source=ig_web_copy_link&igsh=MzRlODBiNWFlZA==,"Pemkot surabaya tidak becus mengoptimalkan operasional suroboyo bus, trans jatim, trans semanggi jadwal terakhir pukul 01:00 malam pokoknya pemkot surabaya harus dipecat sepecat-pecatnya biarkan saja pemkot surabaya kapok akibatnya telantarkan calon penumpang suroboyo bus, trans jatim, dan trans semanggi, lebih baik pihak swasta sebagai pengganti pemkot surabaya makan uang rakyat infrastruktur transportasi umum perkotaan bus üöçüöéüöå, kereta api commuterline, infrastruktur mass rapid transit / MRT kereta api bawah tanah, dan infrastruktur light rail transit / LRT kereta api ringan diatas jalur layang üöâüöäüöáüöàüöãüöÖüöÑüöÜüöùüöü",pemkot surabaya becus mengoptimalkan operasional suroboyo bus trans jatim trans semanggi jadwal malam pokoknya pemkot surabaya dipecat sepecatpecatnya biarkan pemkot surabaya kapok akibatnya telantarkan calon penumpang suroboyo bus trans jatim trans semanggi swasta pengganti pemkot surabaya makan uang rakyat infrastruktur transportasi perkotaan bus kereta api commuterline infrastruktur mass rapid transit mrt kereta api tanah infrastruktur light rail transit lrt kereta api ringan diatas jalur layang,mixed,False,0.0,0.0,0.0
Dishub,https://www.instagram.com/p/DS6_hwUE6-B/?utm_source=ig_web_copy_link&igsh=MzRlODBiNWFlZA==,Kejadian tahun lalu terulang kembaliüòëüëè,kejadian terulang,mixed,False,0.0,0.0,0.0
Dishub,https://www.instagram.com/p/DS6_hwUE6-B/?utm_source=ig_web_copy_link&igsh=MzRlODBiNWFlZA==,kudue onok win-win solution.. hrusnya ada perpanjangan jam operasional dan driver sg lembur oleh bonus sg lumayan.. ngnu lak enak se,kudue onok winwin solution hrusnya perpanjangan jam operasional driver sg lembur bonus sg lumayan ngnu lak enak,mixed,False,0.0,0.0,0.0
Dishub,https://www.instagram.com/p/DS6_hwUE6-B/?utm_source=ig_web_copy_link&igsh=MzRlODBiNWFlZA==,Ga ada peningkatan malah kemunduran,ga peningkatan kemunduran,mixed,False,0.0,0.0,0.0
Dishub,https://www.instagram.com/p/DS6_hwUE6-B/?utm_source=ig_web_copy_link&igsh=MzRlODBiNWFlZA==,Lagi ngurusin bongkar rumay,ngurusin bongkar rumay,mixed,False,0.0,0.0,0.0
Dishub,https://www.instagram.com/p/DS6_hwUE6-B/?utm_source=ig_web_copy_link&igsh=MzRlODBiNWFlZA==,Ngurus banjir ga bisa.. ngurus ormas preman ga bisa.. ngurus transportasi umum ga bisa.. trus bisanya ngapain dahh üòå,ngurus banjir ga ngurus ormas preman ga ngurus transportasi ga trus bisanya ngapain dahh,mixed,False,0.0,0.0,0.0
Dishub,https://www.instagram.com/p/DS6_hwUE6-B/?utm_source=ig_web_copy_link&igsh=MzRlODBiNWFlZA==,"Tapi emang bener.. Sebagai kota metropolitan terbesar kedua di Indonesia, dari segi transportasi umum, yaaa begitulahüòÇ",emang bener kota metropolitan terbesar indonesia segi transportasi yaaa,mixed,False,0.0,0.0,0.0
Dishub,https://www.instagram.com/p/DS6_hwUE6-B/?utm_source=ig_web_copy_link&igsh=MzRlODBiNWFlZA==,Surabaya KONTOLLLLLL,surabaya kontollllll,mixed,False,0.0,0.0,0.0
Dishub,https://www.instagram.com/p/DS6_hwUE6-B/?utm_source=ig_web_copy_link&igsh=MzRlODBiNWFlZA==,Saya sbnernya berharap @commuterline bsa mengoperasikan KA Jenggala atau Trans Jatim ke arah Surabaya jam set5 pagi dan ke arah Sidoarjo beroperasi sampai jam 11 malam,sbnernya berharap bsa mengoperasikan ka jenggala trans jatim arah surabaya jam set pagi arah sidoarjo beroperasi jam malam,mixed,False,0.0,0.0,0.0
Dishub,https://www.instagram.com/p/DS6_hwUE6-B/?utm_source=ig_web_copy_link&igsh=MzRlODBiNWFlZA==,kecewa banget kemarin baru tau r4 stop operasional jam 5,kecewa banget kemarin tau r stop operasional jam,mixed,False,0.0,0.0,0.0
Dishub,https://www.instagram.com/p/DS6_hwUE6-B/?utm_source=ig_web_copy_link&igsh=MzRlODBiNWFlZA==,Emang badut transportasi kota satu ini,emang badut transportasi kota,mixed,False,0.0,0.0,0.0
Dishub,https://www.instagram.com/p/DS6_hwUE6-B/?utm_source=ig_web_copy_link&igsh=MzRlODBiNWFlZA==,jancuk goblok notok jedok. ancen kontol,jancuk goblok notok jedok ancen kontol,javanese,True,0.16666666666666666,0.0,0.16666666666666666
Dishub,https://www.instagram.com/p/DS6_hwUE6-B/?utm_source=ig_web_copy_link&igsh=MzRlODBiNWFlZA==,Gimana sih ini walikota,gimana sih walikota,mixed,False,0.0,0.0,0.0
Dishub,https://www.instagram.com/p/DS6_hwUE6-B/?utm_source=ig_web_copy_link&igsh=MzRlODBiNWFlZA==,bruh,bruh,mixed,False,0.0,0.0,0.0
Dishub,https://www.instagram.com/p/DS6_hwUE6-B/?utm_source=ig_web_copy_link&igsh=MzRlODBiNWFlZA==,Ayoo ngamuk minnnn,ayoo ngamuk minnnn,mixed,False,0.0,0.0,0.0
Dishub,https://www.instagram.com/p/DS6_hwUE6-B/?utm_source=ig_web_copy_link&igsh=MzRlODBiNWFlZA==,sopo walikotae.,sopo walikotae,mixed,False,0.0,0.0,0.0
Dishub,https://www.instagram.com/p/DS6_hwUE6-B/?utm_source=ig_web_copy_link&igsh=MzRlODBiNWFlZA==,Ya ampuunnnn pantesan nunggu ga dapet2,ya ampuunnnn pantesan nunggu ga dapet,mixed,False,0.0,0.0,0.0
Dishub,https://www.instagram.com/p/DS6_hwUE6-B/?utm_source=ig_web_copy_link&igsh=MzRlODBiNWFlZA==,Singkat saja: Eri asu,singkat eri asu,mixed,False,0.0,0.0,0.0
Dishub,https://www.instagram.com/p/DS6_hwUE6-B/?utm_source=ig_web_copy_link&igsh=MzRlODBiNWFlZA==,Transumnya kan cuma pajangan doang xixixi,transumnya pajangan doang xixixi,mixed,False,0.0,0.0,0.0
Dishub,https://www.instagram.com/p/DS6_hwUE6-B/?utm_source=ig_web_copy_link&igsh=MzRlODBiNWFlZA==,soale pegawaine yo pingin taun baruan üòçüòç,soale pegawaine pingin taun baruan,mixed,False,0.0,0.0,0.0
Dishub,https://www.instagram.com/p/DS6_hwUE6-B/?utm_source=ig_web_copy_link&igsh=MzRlODBiNWFlZA==,"Walikota e ae gupuh karo jenenge dee dewe, yo gak nyandak masalah ngenean wkwk",walikota e ae gupuh jenenge dee dewe gak nyandak ngenean wkwk,javanese,False,0.09090909090909091,0.0,0.09090909090909091
Dishub,https://www.instagram.com/p/DS6_hwUE6-B/?utm_source=ig_web_copy_link&igsh=MzRlODBiNWFlZA==,Kota manja,kota manja,mixed,False,0.0,0.0,0.0
Dishub,https://www.instagram.com/p/DS6_hwUE6-B/?utm_source=ig_web_copy_link&igsh=MzRlODBiNWFlZA==,"Jangan gitu min. Dibilang gak kasian sama supirnya, butuh libur katanya üòõ",gitu min dibilang gak kasian supirnya butuh libur,javanese,True,0.125,0.0,0.125
Dishub,https://www.instagram.com/p/DS6_hwUE6-B/?utm_source=ig_web_copy_link&igsh=MzRlODBiNWFlZA==,@cakj1,,unknown,False,0.0,0.0,0.0
Dishub,https://www.instagram.com/p/DS6_hwUE6-B/?utm_source=ig_web_copy_link&igsh=MzRlODBiNWFlZA==,@ericahyadi_,,unknown,False,0.0,0.0,0.0
Dishub,https://www.instagram.com/p/DS6_hwUE6-B/?utm_source=ig_web_copy_link&igsh=MzRlODBiNWFlZA==e,"Last commute 4 sore, ini manja bgt",last commute sore manja bgt,mixed,False,0.0,0.0,0.0
Dishub,https://www.instagram.com/p/DS6_hwUE6-B/?utm_source=ig_web_copy_link&igsh=MzRlODBiNWFlZA==,Aneh,aneh,mixed,False,0.0,0.0,0.0
Dishub,https://www.instagram.com/p/DS6_hwUE6-B/?utm_source=ig_web_copy_link&igsh=MzRlODBiNWFlZA==,"Tak guyu ae min, wes biasah hal begituüòÇ",guyu ae min wes biasah,javanese,True,0.2,0.0,0.2
FDTS,https://www.instagram.com/p/DS4BM8NjwYY/?utm_source=ig_web_copy_link&igsh=MzRlODBiNWFlZA==,,Gmn dgn sy yg baru plg kerja pk.16.00üò¢,gmn dgn sy yg plg kerja pk,mixed,False,0.0,0.0,0.0
FDTS,https://www.instagram.com/p/DS4BM8NjwYY/?utm_source=ig_web_copy_link&igsh=MzRlODBiNWFlZA==,Kok tambah mundur seh jam e iku kudu e di tambah lah wong high season mosok rek jare sby kota gede transum e malah koyo ngeneüò¢,mundur seh jam e kudu e high season mosok rek jare sby kota gede transum e koyo ngene,javanese,False,0.05555555555555555,0.0,0.05555555555555555
FDTS,https://www.instagram.com/p/DS4BM8NjwYY/?utm_source=ig_web_copy_link&igsh=MzRlODBiNWFlZA==,kenapa pas akhir tahun selalu di nerf jadwalnya ya‚Ä¶? üòÖ,pas nerf jadwalnya ya,mixed,False,0.0,0.0,0.0
FDTS,https://www.instagram.com/p/DS4BM8NjwYY/?utm_source=ig_web_copy_link&igsh=MzRlODBiNWFlZA==,Wah wong Pemkot AREP prei mlaku2üòÇ..kok ya pas malam tahun baru malah dikurangi jam operasional rel ..WES ANEH @ericahyadi_ @cakj1 @surabaya,pemkot arep prei mlakukok ya pas malam dikurangi jam operasional rel wes aneh,javanese,False,0.07692307692307693,0.0,0.07692307692307693
FDTS,https://www.instagram.com/p/DS4BM8NjwYY/?utm_source=ig_web_copy_link&igsh=MzRlODBiNWFlZA==,Iki mbak @wie.9998887_ infonyaüòÇ,mbak infonya,mixed,False,0.0,0.0,0.0
FDTS,https://www.instagram.com/p/DS4BM8NjwYY/?utm_source=ig_web_copy_link&igsh=MzRlODBiNWFlZA==,"Kirain bakal sampe malem ternyata malah jd makin sore, emg agak laen ini transportasi umum surabaya üòπ",kirain sampe malem jd sore emg laen transportasi surabaya,mixed,False,0.0,0.0,0.0
FDTS,https://www.instagram.com/p/DS4BM8NjwYY/?utm_source=ig_web_copy_link&igsh=MzRlODBiNWFlZA==,Muesti loh ya,muesti loh ya,javanese,True,0.3333333333333333,0.0,0.3333333333333333
FDTS,https://www.instagram.com/p/DS4BM8NjwYY/?utm_source=ig_web_copy_link&igsh=MzRlODBiNWFlZA==,"Kenapa transum kok layanannya seadanya gini, makanya surabaya nggak pernah jadi jujukan wisatawan karena layanan fasilitasnya saat high season aja beginiüò•",transum layanannya seadanya gini surabaya nggak jujukan wisatawan layanan fasilitasnya high season aja,mixed,False,0.0,0.0,0.0
FDTS,https://www.instagram.com/p/DS4BM8NjwYY/?utm_source=ig_web_copy_link&igsh=MzRlODBiNWFlZA==,"Kalau udah begini terus, kenapa nggak serahkan urusan transum kepada pihak swasta? Ini tiap kali ada hari penting suka motong dan kurangi jadwal transum",udah nggak serahkan urusan transum swasta kali suka motong kurangi jadwal transum,mixed,False,0.0,0.0,0.0
FDTS,https://www.instagram.com/p/DS4BM8NjwYY/?utm_source=ig_web_copy_link&igsh=MzRlODBiNWFlZA==,"masa sprti tahun lalu sih pak. tolonglah pak, yg masih kerja di malam tahun baru juga butuh transum utk pulang. knp tdk bisa lewat jalan lain sprti saat CFD yg rutin tiap hari minggu",sprti sih tolonglah yg kerja malam butuh transum utk pulang knp tdk jalan sprti cfd yg rutin minggu,mixed,False,0.0,0.0,0.0
FDTS,https://www.instagram.com/p/DS4BM8NjwYY/?utm_source=ig_web_copy_link&igsh=MzRlODBiNWFlZA==,Malam Tahun Baru be like. Jeketi: Tambah jam operasional Transum biar bisa naik Transum dari/ke acara Malam Tahun Baru. Meanwhile Esbeye: Jadwal di-nerf üòÖüóø,malam be like jeketi jam operasional transum biar transum darike acara malam meanwhile esbeye jadwal dinerf,mixed,False,0.0,0.0,0.0
FDTS,https://www.instagram.com/p/DS4BM8NjwYY/?utm_source=ig_web_copy_link&igsh=MzRlODBiNWFlZA==,Kebiasaan mesti motong jadwal üòÇ,kebiasaan mesti motong jadwal,mixed,False,0.0,0.0,0.0
FDTS,https://www.instagram.com/p/DS4BM8NjwYY/?utm_source=ig_web_copy_link&igsh=MzRlODBiNWFlZA==,"Infonya tolong dikumandangkan di halte2 dan unit yg jalan hari inii, kasihan penumpang (apalagi yg sepuh2) yg ndak ngikutin informasi online",infonya tolong dikumandangkan halte unit yg jalan inii kasihan penumpang yg sepuh yg ndak ngikutin informasi online,mixed,False,0.0,0.0,0.0
FDTS,https://www.instagram.com/p/DS4BM8NjwYY/?utm_source=ig_web_copy_link&igsh=MzRlODBiNWFlZA==,kesalahan berpikir,kesalahan berpikir,mixed,False,0.0,0.0,0.0
FDTS,https://www.instagram.com/p/DS4BM8NjwYY/?utm_source=ig_web_copy_link&igsh=MzRlODBiNWFlZA==,"Kukira bakal tambah jam operasional, ternyata di kurangi, kontras banget sama kota metropolitan sebelah üòÇüòÇüòÇ",kukira jam operasional kurangi kontras banget kota metropolitan sebelah,mixed,False,0.0,0.0,0.0
FDTS,https://www.instagram.com/p/DS4BM8NjwYY/?utm_source=ig_web_copy_link&igsh=MzRlODBiNWFlZA==,"Delok komentar e wong"" ngene butuh transum, ga eleng lk ngelek"" no trasnsum e WW AMBE SB yoop üòÇ",delok komentar e ngene butuh transum ga eleng lk ngelek no trasnsum e ww ambe sb yoop,mixed,False,0.0,0.0,0.0
FDTS,https://www.instagram.com/p/DS4BM8NjwYY/?utm_source=ig_web_copy_link&igsh=MzRlODBiNWFlZA==,Dishub dan bapenda mode ngincer duit parkir kendaraan bermotor yg berpotensi mbludak di malam tahun baru taaa????,dishub bapenda mode ngincer duit parkir kendaraan bermotor yg berpotensi mbludak malam taaa,mixed,False,0.0,0.0,0.0
FDTS,https://www.instagram.com/p/DS4BM8NjwYY/?utm_source=ig_web_copy_link&igsh=MzRlODBiNWFlZA==,Harusnya dibuat makin malem malah sore udah terakhir huft,malem sore udah huft,mixed,False,0.0,0.0,0.0
FDTS,https://www.instagram.com/p/DS4BM8NjwYY/?utm_source=ig_web_copy_link&igsh=MzRlODBiNWFlZA==,"harusnya nih ya sebagai kota besar, orang2 juga pasti berkumpul buat tahun baruan. Pemkotnya dukung juga dong, jam operasionalnya jadi sampe jam 1 dini hari gitu. Trs ada doa bersama, kalo acaranya sampe malem bgt kan yaa lebih baik naik transum pulangnya",nih ya kota orang berkumpul baruan pemkotnya dukung jam operasionalnya sampe jam gitu trs doa kalo acaranya sampe malem bgt yaa transum pulangnya,mixed,False,0.0,0.0,0.0
FDTS,https://www.instagram.com/p/DS4BM8NjwYY/?utm_source=ig_web_copy_link&igsh=MzRlODBiNWFlZA==,"tiba-tiba banget anjir? trs ngumuminnya cuman lewat sini doang? gimana orang yg ga punya hp, yg ga follow akun ini? nih surabaya dari kemarinn gaada peningkatan, malah downgrade kek gini anjir",tibatiba banget anjir trs ngumuminnya cuman doang gimana orang yg ga hp yg ga follow akun nih surabaya kemarinn gaada peningkatan downgrade kek gini anjir,mixed,False,0.0,0.0,0.0
FDTS,https://www.instagram.com/p/DS4BM8NjwYY/?utm_source=ig_web_copy_link&igsh=MzRlODBiNWFlZA==,31 Desember masih banyak orang kerja lek,desember orang kerja lek,mixed,False,0.0,0.0,0.0
FDTS,https://www.instagram.com/p/DS4BM8NjwYY/?utm_source=ig_web_copy_link&igsh=MzRlODBiNWFlZA==,"Bukane dikei insentif, malah dikei diskon üòÇüòÇ",bukane dikei insentif dikei diskon,mixed,False,0.0,0.0,0.0
FDTS,https://www.instagram.com/p/DS4BM8NjwYY/?utm_source=ig_web_copy_link&igsh=MzRlODBiNWFlZA==,Dan aku korban terjebak di TP mau ke bungurasih... banyak yg gak tau infonya....,korban terjebak tp bungurasih yg gak tau infonya,javanese,True,0.125,0.0,0.125
FDTS,https://www.instagram.com/p/DS4BM8NjwYY/?utm_source=ig_web_copy_link&igsh=MzRlODBiNWFlZA==,"Pas banget nyesuaiin pas orang pulang kerja, dimana lagi butuh butuhnya",pas banget nyesuaiin pas orang pulang kerja dimana butuh butuhnya,mixed,False,0.0,0.0,0.0
FDTS,https://www.instagram.com/p/DS4BM8NjwYY/?utm_source=ig_web_copy_link&igsh=MzRlODBiNWFlZA==,Anomali ibukota provinsi emg cocok 11:12 sama Bandung sama-sama ancur transumnya. Kalah sama jakarta semarang. Kalo ga niat mending jadiin bus wisata aja kyk di malang.,anomali ibukota provinsi emg cocok bandung samasama ancur transumnya kalah jakarta semarang kalo ga niat mending jadiin bus wisata aja kyk malang,mixed,False,0.0,0.0,0.0
FDTS,https://www.instagram.com/p/DS4BM8NjwYY/?utm_source=ig_web_copy_link&igsh=MzRlODBiNWFlZA==,"Bahkan di semarang sama jakarta pun jam operasionalnya ditambah, ojol di jam2 itu juga susah. Kasihan yang kerjanya sampe malem",semarang jakarta jam operasionalnya ditambah ojol jam susah kasihan kerjanya sampe malem,mixed,False,0.0,0.0,0.0
FDTS,https://www.instagram.com/p/DS4BM8NjwYY/?utm_source=ig_web_copy_link&igsh=MzRlODBiNWFlZA==,Wkwkwk bukannya malah peak ya tgl 31ü§≠ü§≠ mana jam 16 banget udh terakhir,wkwkwk peak ya tgl jam banget udh,mixed,False,0.0,0.0,0.0
FDTS,https://www.instagram.com/p/DS4BM8NjwYY/?utm_source=ig_web_copy_link&igsh=MzRlODBiNWFlZA==,"Kota aneh emang, ga mikirin yang pake kendaraan umum buat kebutuhan sehari2",kota aneh emang ga mikirin pake kendaraan kebutuhan sehari,mixed,False,0.0,0.0,0.0
FDTS,https://www.instagram.com/p/DS4BM8NjwYY/?utm_source=ig_web_copy_link&igsh=MzRlODBiNWFlZA==,"Perasaan di Jakarta ga gini deh, malah ditambah armada sama jamnya, padahal di Surabaya banyak pekerja ditanggal tersebut pulang jam 16.00 - 17.00",perasaan jakarta ga gini deh ditambah armada jamnya surabaya pekerja ditanggal pulang jam,mixed,False,0.0,0.0,0.0
FDTS,https://www.instagram.com/p/DS4BM8NjwYY/?utm_source=ig_web_copy_link&igsh=MzRlODBiNWFlZA==,Malam tahun baru itu harusnya nambah jadwal bukan malah mengurangi jam operasional gimana ya ini? @ericahyadi_ @dishubsurabaya kalian gangerti situasi dan kondisi di lapangan apa gimana? masa ngatur jam operasional seenak jidat,malam nambah jadwal mengurangi jam operasional gimana ya gangerti situasi kondisi lapangan gimana ngatur jam operasional seenak jidat,mixed,False,0.0,0.0,0.0
FDTS,https://www.instagram.com/p/DS4BM8NjwYY/?utm_source=ig_web_copy_link&igsh=MzRlODBiNWFlZA==,Taun baruan ada keramaian malah gak ada transum.,,unknown,False,0.0,0.0,0.0
"Tambah macet2an kendaraan pribadi dong üòÇ""",taun baruan keramaian gak transum macetan kendaraan pribadi,negative,0.9981439113616943,4,mixed,False,0.0,0.0,0.0
FDTS,https://www.instagram.com/p/DS4BM8NjwYY/?utm_source=ig_web_copy_link&igsh=MzRlODBiNWFlZA==,Ini tgl 2 belum normal,tgl normal,mixed,False,0.0,0.0,0.0
FDTS,https://www.instagram.com/p/DS4BM8NjwYY/?utm_source=ig_web_copy_link&igsh=MzRlODBiNWFlZA==,didik karyawan karyawan go bus dengan baik pelayanan yang diberikan sangat mengecewakan terutama admin Instagramnya,didik karyawan karyawan go bus pelayanan mengecewakan admin instagramnya,mixed,False,0.0,0.0,0.0
FDTS,https://www.instagram.com/p/DS4BM8NjwYY/?utm_source=ig_web_copy_link&igsh=MzRlODBiNWFlZA==,Trans semanggi purabaya kenjeran di apk tracking gobis kok hilang apakah masih libur min?,trans semanggi purabaya kenjeran apk tracking gobis hilang libur min,mixed,False,0.0,0.0,0.0
FDTS,https://www.instagram.com/p/DS4BM8NjwYY/?utm_source=ig_web_copy_link&igsh=MzRlODBiNWFlZA==,Aneh üò≠ü•π,aneh,mixed,False,0.0,0.0,0.0
FDTS,https://www.instagram.com/p/DS4BM8NjwYY/?utm_source=ig_web_copy_link&igsh=MzRlODBiNWFlZA==,"Saya nungguin udah hampir 2 jam lebih ada yang nongol sama sekali bus,ternyata ada penyesuaian jadwal",nungguin udah jam nongol busternyata penyesuaian jadwal,mixed,False,0.0,0.0,0.0
FDTS,https://www.instagram.com/p/DS4BM8NjwYY/?utm_source=ig_web_copy_link&igsh=MzRlODBiNWFlZA==,"Harusnya ditempel pemberitahuan di tiap halte, tadi jam 19.00 banyak yg nunggu di halte, kasihan yang sepuh2",ditempel pemberitahuan halte jam yg nunggu halte kasihan sepuh,mixed,False,0.0,0.0,0.0
FDTS,https://www.instagram.com/p/DS4BM8NjwYY/?utm_source=ig_web_copy_link&igsh=MzRlODBiNWFlZA==,Dari seluruh dunia di dalam bumi. Transport umum iso berkurang jam e.. di tahun baru üëè,dunia bumi transport iso berkurang jam e,mixed,False,0.0,0.0,0.0
FDTS,https://www.instagram.com/p/DS4BM8NjwYY/?utm_source=ig_web_copy_link&igsh=MzRlODBiNWFlZA==,Bukan e melayani wisatawan. Malah libur üò¢üò¢üò¢.. untung di rumah. Tapi kasihan buat pendatang. Kalau di malaysia atau di thailand bahkan seluruh dunia. Masih kerja melayani. Ini malah ...... üò¢üò¢üò¢,e melayani wisatawan libur untung rumah kasihan pendatang malaysia thailand dunia kerja melayani,mixed,False,0.0,0.0,0.0
FDTS,https://www.instagram.com/p/DS4BM8NjwYY/?utm_source=ig_web_copy_link&igsh=MzRlODBiNWFlZA==,"Mau nanya? Bener ya bus 3L berhenti beroperasi dari 1 Jan?? Padahal sangat membantu sekali bus ini, kalo pake yg bus unair, agak lama perjalannya üò¢",nanya bener ya bus l berhenti beroperasi jan membantu bus kalo pake yg bus unair perjalannya,mixed,False,0.0,0.0,0.0
FDTS,https://www.instagram.com/p/DS4BM8NjwYY/?utm_source=ig_web_copy_link&igsh=MzRlODBiNWFlZA==,aneh malah off malam tahun baru,aneh off malam,mixed,False,0.0,0.0,0.0
FDTS,https://www.instagram.com/p/DS4BM8NjwYY/?utm_source=ig_web_copy_link&igsh=MzRlODBiNWFlZA==,"karyawane gorong mulih, transportasi umume wes parkir üòÇ",karyawane gorong mulih transportasi umume wes parkir,javanese,True,0.14285714285714285,0.0,0.14285714285714285
FDTS,https://www.instagram.com/p/DS4BM8NjwYY/?utm_source=ig_web_copy_link&igsh=MzRlODBiNWFlZA==,"Aduh, anak bojoku pole numpak lyn üò¢",aduh anak bojoku pole numpak lyn,mixed,False,0.0,0.0,0.0
FDTS,https://www.instagram.com/p/DS4BM8NjwYY/?utm_source=ig_web_copy_link&igsh=MzRlODBiNWFlZA==,"gokil, bukannya ditambahin malah dikurangi",gokil ditambahin dikurangi,mixed,False,0.0,0.0,0.0
FDTS,https://www.instagram.com/p/DS4BM8NjwYY/?utm_source=ig_web_copy_link&igsh=MzRlODBiNWFlZA==,Astagaaaaanaga üëèüëèüëè gebrakannya terlalu dar der dor,astagaaaaanaga gebrakannya dar der dor,mixed,False,0.0,0.0,0.0
FDTS,https://www.instagram.com/p/DS4BM8NjwYY/?utm_source=ig_web_copy_link&igsh=MzRlODBiNWFlZA==,kok malah di nerf,nerf,mixed,False,0.0,0.0,0.0
FDTS,https://www.instagram.com/p/DS4BM8NjwYY/?utm_source=ig_web_copy_link&igsh=MzRlODBiNWFlZA==,Bis transjatim apa masih bisa beroperasi min,bis transjatim beroperasi min,mixed,False,0.0,0.0,0.0
FDTS,https://www.instagram.com/p/DS4BM8NjwYY/?utm_source=ig_web_copy_link&igsh=MzRlODBiNWFlZA==,"Haha, nggak ditambah malah dikurangi üòÅ",haha nggak ditambah dikurangi,mixed,False,0.0,0.0,0.0
FDTS,https://www.instagram.com/p/DS4BM8NjwYY/?utm_source=ig_web_copy_link&igsh=MzRlODBiNWFlZA==,ur so incompetent,ur so incompetent,mixed,False,0.0,0.0,0.0
FDTS,https://www.instagram.com/p/DS4BM8NjwYY/?utm_source=ig_web_copy_link&igsh=MzRlODBiNWFlZA==,WHAT,what,mixed,False,0.0,0.0,0.0
FDTS,https://www.instagram.com/p/DS4BM8NjwYY/?utm_source=ig_web_copy_link&igsh=MzRlODBiNWFlZA==,@andnriani hayoo lo km pulang naik apa bis terakhir jam 16ü§≠,hayoo lo km pulang bis jam,mixed,False,0.0,0.0,0.0
FDTS,https://www.instagram.com/p/DS4BM8NjwYY/?utm_source=ig_web_copy_link&igsh=MzRlODBiNWFlZA==,Isin karo title kota terbesar kedua,isin title kota terbesar,mixed,False,0.0,0.0,0.0
FDTS,https://www.instagram.com/p/DS4BM8NjwYY/?utm_source=ig_web_copy_link&igsh=MzRlODBiNWFlZA==,Ga bisa di tracking mobilnya,ga tracking mobilnya,mixed,False,0.0,0.0,0.0
FDTS,https://www.instagram.com/p/DS4BM8NjwYY/?utm_source=ig_web_copy_link&igsh=MzRlODBiNWFlZA==,Kok di aplikasi gobus ga bisa liat titik mobil nya dmn ya? Jadinya libur kah ini ww?,aplikasi gobus ga liat titik mobil nya dmn ya libur kah ww,mixed,False,0.0,0.0,0.0
FDTS,https://www.instagram.com/p/DS4BM8NjwYY/?utm_source=ig_web_copy_link&igsh=MzRlODBiNWFlZA==,"Saya cek di aplikasi gobis kok ga ada pregerakan wira wiri ya , apa pagi belum ada? Biasanya ada",cek aplikasi gobis ga pregerakan wira wiri ya pagi,mixed,False,0.0,0.0,0.0
FDTS,https://www.instagram.com/p/DS4BM8NjwYY/?utm_source=ig_web_copy_link&igsh=MzRlODBiNWFlZA==,bjir pas orang2 lagi banyak yg ke luar rumah malah dikurangi jam operasionalnya,bjir pas orang yg rumah dikurangi jam operasionalnya,mixed,False,0.0,0.0,0.0
FDTS,https://www.instagram.com/p/DS4BM8NjwYY/?utm_source=ig_web_copy_link&igsh=MzRlODBiNWFlZA==,Dishub tolol,dishub tolol,mixed,False,0.0,0.0,0.0
FDTS,https://www.instagram.com/p/DS4BM8NjwYY/?utm_source=ig_web_copy_link&igsh=MzRlODBiNWFlZA==,Yo opo kayak ngene pelayan publik transportasi umum. Nde kota jakarta ae melayani sampai malem pergantian taun,opo kayak ngene pelayan publik transportasi nde kota jakarta ae melayani malem pergantian taun,javanese,False,0.07142857142857142,0.0,0.07142857142857142
FDTS,https://www.instagram.com/p/DS4BM8NjwYY/?utm_source=ig_web_copy_link&igsh=MzRlODBiNWFlZA==,Pancet ae caküòÖ,pancet ae cak,mixed,False,0.0,0.0,0.0
FDTS,https://www.instagram.com/p/DS4BM8NjwYY/?utm_source=ig_web_copy_link&igsh=MzRlODBiNWFlZA==,Sopir e Yo btw tahun baru Karo keluarga e üòÇüòÇüòÇüòÇ,sopir e btw keluarga e,mixed,False,0.0,0.0,0.0
FDTS,https://www.instagram.com/p/DS4BM8NjwYY/?utm_source=ig_web_copy_link&igsh=MzRlODBiNWFlZA==,yaelaa ngentid baru juga mau rencana tahun baru jalan2 naik bus suroboyo,yaelaa ngentid rencana jalan bus suroboyo,mixed,False,0.0,0.0,0.0
FDTS,https://www.instagram.com/p/DS4BM8NjwYY/?utm_source=ig_web_copy_link&igsh=MzRlODBiNWFlZA==,Kebiasaan buruk yang diulang terus..terus..menerus,kebiasaan buruk diulang terusterusmenerus,mixed,False,0.0,0.0,0.0
FDTS,https://www.instagram.com/p/DS4BM8NjwYY/?utm_source=ig_web_copy_link&igsh=MzRlODBiNWFlZA==,"loh loh, piye to kii, meneh aku kerjo ki piyee molehne budal eü•≤",loh loh piye to kii meneh kerjo ki piyee molehne budal e,javanese,True,0.16666666666666666,0.0,0.16666666666666666
FDTS,https://www.instagram.com/p/DS4BM8NjwYY/?utm_source=ig_web_copy_link&igsh=MzRlODBiNWFlZA==,"Tambah ga jelas, padahal masyarakat butuh mobilitas malah layanan dipercepat selesainya",ga masyarakat butuh mobilitas layanan dipercepat selesainya,mixed,False,0.0,0.0,0.0
FDTS,https://www.instagram.com/p/DS4BM8NjwYY/?utm_source=ig_web_copy_link&igsh=MzRlODBiNWFlZA==,anjirrrr,anjirrrr,mixed,False,0.0,0.0,0.0
FDTS,https://www.instagram.com/p/DS4BM8NjwYY/?utm_source=ig_web_copy_link&igsh=MzRlODBiNWFlZA==,,Alangkah baiknya jika keputusan penyesuaian ini diberi rasionalitas juga agar bisa dipahami oleh publik.,alangkah baiknya keputusan penyesuaian rasionalitas dipahami publik,mixed,False,0.0,0.0,0.0
FDTS,https://www.instagram.com/p/DS4BM8NjwYY/?utm_source=ig_web_copy_link&igsh=MzRlODBiNWFlZA==,Konyol ü§£,konyol,mixed,False,0.0,0.0,0.0
FDTS,https://www.instagram.com/p/DS4BM8NjwYY/?utm_source=ig_web_copy_link&igsh=MzRlODBiNWFlZA==,pekok malah jadwalnya diperpendek üòÇ,pekok jadwalnya diperpendek,mixed,False,0.0,0.0,0.0
FDTS,https://www.instagram.com/p/DS4BM8NjwYY/?utm_source=ig_web_copy_link&igsh=MzRlODBiNWFlZA==,Pas jutaan orang membutuhkan malah tutup pada gak mau ketinggalan pesta tahun baru karyawan nya,pas jutaan orang membutuhkan tutup gak ketinggalan pesta karyawan nya,javanese,False,0.1,0.0,0.1
FDTS,https://www.instagram.com/p/DS4BM8NjwYY/?utm_source=ig_web_copy_link&igsh=MzRlODBiNWFlZA==,"Alhamdulillah isok tahun baruan bareng keluarga,",alhamdulillah isok baruan bareng keluarga,mixed,False,0.0,0.0,0.0
FDTS,https://www.instagram.com/p/DS4BM8NjwYY/?utm_source=ig_web_copy_link&igsh=MzRlODBiNWFlZA==,üò¢pulang 16.30 ..,pulang,mixed,False,0.0,0.0,0.0
FDTS,https://www.instagram.com/p/DS4BM8NjwYY/?utm_source=ig_web_copy_link&igsh=MzRlODBiNWFlZA==,KOK NDADAKüò≠,ndadak,mixed,False,0.0,0.0,0.0
FDTS,https://www.instagram.com/p/DS4BM8NjwYY/?utm_source=ig_web_copy_link&igsh=MzRlODBiNWFlZA==,@tfsurabaya,,unknown,False,0.0,0.0,0.0
FDTS,https://www.instagram.com/p/DS4BM8NjwYY/?utm_source=ig_web_copy_link&igsh=MzRlODBiNWFlZA==,Kebiasaan tahunan diulamg lagi,kebiasaan tahunan diulamg,mixed,False,0.0,0.0,0.0
FDTS,https://www.instagram.com/p/DS4BM8NjwYY/?utm_source=ig_web_copy_link&igsh=MzRlODBiNWFlZA==,Gk da rute ke ampel ya,gk da rute ampel ya,mixed,False,0.0,0.0,0.0
